cluster,centroid_lat,centroid_lon,mean_hcho,max_hcho,hcho_std,pixel_count,mean_cv,mean_season,mean_pm,source_type,intensity,rank,year
0,24.065507767947516,81.02182598759941,0.0001959894179782493,0.00027723795164337353,1.6245222250066828e-05,21588,0.26456153948375527,0.135681139300062,1.0321699842702179,Persistent anthropogenic,Extreme,1,2024
3,20.56117496415376,95.7458538308684,0.00017794642700284712,0.00019458758939820486,5.382182921948614e-06,1438,0.4508563519856505,0.08015718299956093,0.7960942426785363,Episodic/mixed,High,2,2024
6,18.934036238464646,97.41004280888774,0.00017518818147128882,0.00017802368972679242,2.1845269457640333e-06,22,0.6239385783587947,0.013048862399358863,0.6708876239102183,Episodic/mixed,High,3,2024
5,22.719266897464486,77.91949344649225,0.00017437748974155712,0.0001804281018585349,2.2540185440381142e-06,144,0.27611587441914653,0.062976884272173,1.2563621946123946,Persistent anthropogenic,Moderate,4,2024
2,27.46498423514379,68.64938808932192,0.000173826980499766,0.00018030014895031009,2.6713543821203493e-06,67,0.16939216183165323,0.14530641002818387,1.163723351137725,Persistent anthropogenic,Moderate,5,2024
4,24.707125372071918,95.1488638821827,0.000173273342348521,0.00017590265605459793,1.727241427063997e-06,13,0.3868146676969897,0.4874972707026751,0.7420670216863402,Biogenic (forest/vegetation),Moderate,6,2024
7,16.687988774115592,76.99845292453041,0.0001731245311936864,0.00017635423401766732,1.5774122370979345e-06,126,0.2914923000559778,-0.06247046642561073,1.0211915605933954,Persistent anthropogenic,Moderate,7,2024
8,15.801365847662385,78.39597484511064,0.00017245052103143302,0.00017469892149868548,1.3155563947078779e-06,20,0.2656693062332518,0.12776553027210605,0.9952657913989628,Persistent anthropogenic,Moderate,8,2024
1,28.192127999950984,69.90390102590077,0.00017180304077494947,0.0001729125564816419,7.396978128016732e-07,12,0.10393245156746152,0.05204444043443842,1.0556534932547117,Persistent anthropogenic,Moderate,9,2024
